nid,title,,,,projectcity,projectstate,office,category,,projectdescrip14,Warner Pacific College,,,,Portland,Oregon,Portland,Education and Libraries,,"""This two-story, 31,000 sf remodel and addition at Warner Pacific College presented serious obstacles - both time and money. We negotiated the challenging contract knowing the projected costs were $500,000 over budget and that all construction had to be complete in just 11 weeks during summer break. Nevertheless, we delivered the classrooms, dining hall, kitchen, music room and administrative offices in time for fall classes and within the owner's budget."""15,Seattle Country Day School,,,,Seattle,Washington,Seattle,Education and Libraries,,16,NW Jeep Eagle,,,,Beaverton,Oregon,Portland,Auto Dealerships,,17,Medford Headquarters Library,,,,Medford,Oregon,Portland,Education and Libraries,,18,Buffalo Wild Wings,,,,Multiple Locations,,Portland,Food Service,,19,McCormick and Schmick's Grill,,,,Tualatin,Oregon,Portland,Food Service,,20,Whole Foods Market,,,,Multiple Locations,,Portland,Grocery,,21,Safeway - Lifestyle Remodels,,,,Multiple Locations,,Portland,Grocery,,22,SEH America  Inc.,,,,Vancouver,Washington,Portland,High-Tech and Industrial,,23,Innovion Implant Center,,,,Gresham,Oregon,Portland,High-Tech and Industrial,,24,Macy's Downtown Portland,,,,Portland,Oregon,Portland,Historical Renovations,,25,The Benson Hotel Lobby and Bar Renovation,,,,Portland,Oregon,Portland,Historical Renovations,,26,Barge Hall at Central Washington University,,,,Ellensburg,Washington,Portland,Historical Renovations,,27,Governor Hotel,,,,Portland,Oregon,Portland,Historical Renovations,,28,Hotel Modera,,,,Portland,Oregon,Portland,Hospitality,,29,RiverPlace Hotel,,,,Portland,Oregon,Portland,Hospitality,,30,Radiation Oncology Center at Meridian Park Hospital,,,,Tualatin,Oregon,Portland,Medical and Healthcare,,31,Providence Parkrose Medical Center,,,,Portland,Oregon,Portland,Medical and Healthcare,,32,A Street Station,,,,Lake Oswego,Oregon,Portland,Mixed-Use,,33,Murray Scholls Town Center,,,,Beaverton,Oregon,Portland,Mixed-Use,,34,Trillium Hollow Cohousing,,,,Portland,Oregon,Portland,Multi-Family Housing,,35,Newell Overlook Apartments,,,,Oregon City,Oregon,Portland,Multi-Family Housing,,36,Lloyd | Maris Advertising at Albers Mill,,,,Portland,Oregon,Portland,Office,,37,Microtek Corporate Office,,,,Hillsboro,Oregon,Portland,Office,,38,Tanger Outlet Center,,,,Lincoln City,Oregon,Portland,Parking,,39,A Street Station,,,,Lake Oswego,Oregon,Portland,Parking,,40,Congregation Neveh Shalom,,,,Portland,Oregon,Portland,Religious Facilities,,41,Emmanuel Temple,,,,Portland,Oregon,Portland,Religious Facilities,,42,Domaine Serene Winery,,,,Dayton,Oregon,Portland,Repair and Restoration,,43,Quimby Townhomes,,,,Portland,Oregon,Portland,Repair and Restoration,,44,IKEA,,,,Portland,Oregon,Portland,Retail,,45,Cascade Plaza,,,,Beaverton,Oregon,Portland,Retail,,46,Albertson College of Idaho - Athletic Complex,,,,Caldwell,Idaho,Portland,Sports and Recreation,,47,Hilander Bowl,,,,Kelso,Washington,Portland,Sports and Recreation,,48,Spirit Mountain Casino,,,,Grand Ronde,Oregon,Portland,Theater and Entertainment,,50,Century Theaters at The Capital Mall and The Commons,,,,Multiple Locations,,Multiple Locations,Theater and Entertainment,,51,Nugget Markets,,,,Multiple Locations,,Sacramento,Grocery,,52,Bel Air Supermarket,,,,Multiple Locations,,Sacramento,Grocery,,53,Coherent,,,,Auburn,California,Sacramento,High-Tech and Industrial,,54,Southern Pacific,,,,Roseville,California,Sacramento,High-Tech and Industrial,,55,Marriott Hotels,,,,Multiple Locations,,Sacramento,Hospitality,,56,Larkspur Landing,,,,Multiple Locations,,Sacramento,Hospitality,,57,Medical Office Building 5,,,,Roseville,California,Sacramento,Medical and Healthcare,,58,Chapa-De Health Care Facility,,,,Grass Valley,California,Sacramento,Medical and Healthcare,,59,Stonecreek Village Shopping Center,,,,Stockton,California,Sacramento,Mixed-Use,,60,Maritime Office Building,,,,Elk Grove,California,Sacramento,Office,,61,Pride Industries,,,,Roseville,California,Sacramento,Office,,62,Palladio at Broadstone,,,,Folsom,California,Sacramento,Parking,,63,Broadstone Marketplace,,,,Folsom,California,Sacramento,Retail,,64,RC Willey Store,,,,Rocklin,California,Sacramento,Retail,,65,Strikes Entertainment,,,,Rocklin,California,Sacramento,Sports and Recreation,,66,Tommy Bahama Cafe,,,,Newport Beach,California,Irvine,Food Service,,67,Go Roma Italian Kitchen,,,,Tustin,California,Irvine,Food Service,,68,Henry's Market,,,,Multiple Locations,,Irvine,Grocery,,69,WinCo Foods,,,,Multiple Locations,,Multiple Locations,Grocery,,70,Jones Lang LaSalle Office Remodel,,,,El Segundo,California,Irvine,Office,,71,S.D. Deacon Corp. of California  Irvine,,,,Irvine,California,Irvine,Office,,72,Talega Village Center,,,,San Clemente,California,Irvine,Retail,,73,Circuit City,,,,Multiple Locations,,Multiple Locations,Retail,,74,LA Fitness,,,,Multiple Locations,,Multiple Locations,Sports and Recreation,,75,8 Orchids Condominiums,,,,Oakland,California,Sacramento,Mixed-Use,,76,Park Place at Regency Park Condominiums,,,,Sacramento,California,Sacramento,Multi-Family Housing,,77,Livermore Valley Plaza,,,,Livermore,California,Sacramento,Mixed-Use,,78,Casoleil at Spanish Springs,,,,Sparks,Nevada,Sacramento,Multi-Family Housing,,79,Boardwalk at Lakeside Condominiums,,,,Elk Grove,California,Sacramento,Multi-Family Housing,,80,Oceanview Village,,,,San Francisco,California,Sacramento,Mixed-Use,,81,Fremont Mews,,,,Sacramento,California,Sacramento,Multi-Family Housing,,82,Riverwood Grove Apartments,,,,Santa Clara,California,Sacramento,Multi-Family Housing,,83,County Systems and Data Processing Building,,,,Sacramento,California,Sacramento,Office,,84,Sherwood Apartments,,,,Folsom,California,Sacramento,Multi-Family Housing,,85,Riverwood Place Apartments,,,,Santa Clara,California,Sacramento,Multi-Family Housing,,86,UC Davis Oak Park Research Center,,,,Sacramento,California,Sacramento,Medical and Healthcare,,87,El Dorado Hills Sports Club,,,,El Dorado Hills,California,Sacramento,Sports and Recreation,,88,Channing Bowditch Student Housing,,,,Berkeley,California,Sacramento,Multi-Family Housing,,89,Ironhorse Trail Apartments,,,,Dublin,California,Sacramento,Multi-Family Housing,,90,Grizzly Creek Camp,,,,Portola,California,Sacramento,Sports and Recreation,,91,Rose Hotel,,,,Pleasanton,California,Sacramento,Hospitality,,92,Midtown Plaza,,,,San Jose,California,Sacramento,Multi-Family Housing,,93,Niello Volkswagen,,,,Sacramento,California,Sacramento,Auto Dealerships,,94,Niello Audi,,,,Sacramento,California,Sacramento,Auto Dealerships,,95,Sacramento Traffic and Small Claims Court,,,,Sacramento,California,Sacramento,Office,,96,Rocklin Land Rover,,,,Rocklin,California,Sacramento,Auto Dealerships,,97,Niello Porsche,,,,Rocklin,California,Sacramento,Auto Dealerships,,98,B.T. Collins Juvenile Justice Center,,,,Sacramento,California,Sacramento,Office,,100,Niello BMW,,,,Elk Grove,California,Sacramento,Auto Dealerships,,101,Future Ford / Nissan,,,,Roseville,California,Sacramento,Auto Dealerships,,102,Chilled Water Replacement  Porterville Developmental Center,,,,Porterville,California,Sacramento,High-Tech and Industrial,,103,Raley Field,,,,West Sacramento,California,Sacramento,Sports and Recreation,,105,Chilled Water System Upgrade at Sonoma Developmental Center,,,,Sonoma,California,Sacramento,High-Tech and Industrial,,106,Capitol Building - South Portico Repairs,,,,Sacramento,California,Sacramento,Historical Renovations,,107,Niello Mini,,,,Sacramento,California,Sacramento,Auto Dealerships,,108,Woodland Opera House,,,,Woodland,California,Sacramento,Theater and Entertainment,,109,Museum of Railroad History Exhibits-Phase II,,,,Sacramento,California,Sacramento,Theater and Entertainment,,110,Siemens-Duewag Manufacturing Facility,,,,Sacramento,California,Sacramento,High-Tech and Industrial,,111,University Village at Albany - Step 2,,,,Albany,California,Sacramento,Multi-Family Housing,,112,Eastside Subaru,,,,Kirkland,Washington,Seattle,Auto Dealerships,,113,Benson High School Facility Improvement,,,,Portland,Oregon,Portland,Historical Renovations,,114,Christie Hall at University of Portland,,,,Portland,Oregon,Portland,Education and Libraries,,115,Merchant Hotel Renovation,,,,Portland,Oregon,Portland,Historical Renovations,,116,ISITE Design at Fleischner Building,,,,Portland,Oregon,Portland,Office,,117,GreenWorks Design at Captain Couch Building,,,,Portland,Oregon,Portland,Historical Renovations,,118,Sound Ford Renovation,,,,Renton,Washington,Seattle,Auto Dealerships,,119,Nissan of the Eastside,,,,Bellevue,Washington,Seattle,Auto Dealerships,,120,First AME Child and Family Center,,,,Seattle,Washington,Seattle,Education and Libraries,,121,Boston's Pizza,,,,Multiple Locations,,Seattle,Food Service,,122,BigFoot Java,,,,Six Locations,Washington,Seattle,Food Service,,123,Top Food and Drug,,,,Multiple Locations,,Seattle,Grocery,,124,USF Reddaway Freight Transfer Station,,,,Kent,Washington,Seattle,High-Tech and Industrial,,125,DirecTV Uplink Stations,,,,Multiple Locations,,Seattle,High-Tech and Industrial,,126,Extended Stay America,,,,Bellevue,Washington,Seattle,Hospitality,,127,Comfort Suites,,,,Seattle,Washington,Seattle,Hospitality,,128,RadiantCare Radiation Oncology Facility,,,,Aberdeen,Washington,Seattle,Medical and Healthcare,,129,Madrona Medical Center,,,,Bellingham,Washington,Seattle,Medical and Healthcare,,130,Creekside Village,,,,Mill Creek,Washington,Seattle,Mixed-Use,,131,Eunia Plaza,,,,Lynnwood,Washington,Seattle,Mixed-Use,,132,Redmond Town Square,,,,Redmond,Washington,Seattle,Office,,133,TriMark Building,,,,Pacific,Washington,Seattle,Office,,134,The Landing,,,,Renton,Washington,Seattle,Parking,,135,Loew's Theatres at Alderwood Mall,,,,Lynnwood,Washington,Seattle,Parking,,136,Advent Lutheran Church,,,,Mill Creek,Washington,Seattle,Religious Facilities,,137,Faith Lutheran Church,,,,Seattle,Washington,Seattle,Religious Facilities,,138,The Park at Forbes Creek,,,,Kirkland,Washington,Seattle,Repair and Restoration,,139,One Carillon Point,,,,Kirkland,Washington,Seattle,Repair and Restoration,,140,Seattle Premium Outlets,,,,Marysville,Washington,Seattle,Retail,,141,The Landing,,,,Renton,Washington,Seattle,Retail,,142,Preston Public Park,,,,Preston,Washington,Seattle,Sports and Recreation,,143,Starfire Sports Center,,,,Tukwila,Washington,Seattle,Sports and Recreation,,145,Huish Family Fun Center,,,,Tukwila,Washington,Seattle,Theater and Entertainment,,146,Loew's Theatres at Alderwood Mall,,,,Lynnwood,Washington,Seattle,Theater and Entertainment,,147,Knight Library Additions at University of Oregon,,,,Eugene,Oregon,Portland,Education and Libraries,,148,MERTS  Inc. / Clatsop Community College,,,,Astoria,Oregon,Portland,Education and Libraries,,149,Pat Anderson Educational Center,,,,Sacramento,California,Sacramento,Education and Libraries,,150,Alzheimer's Aid Society,,,,Sacramento,California,Sacramento,Charitable,,151,Jake's Grill at Governor Hotel,,,,Portland,Oregon,Portland,Food Service,,152,Romano's Macaroni Grill,,,,Multiple Locations,,Portland,Food Service,,153,The Corvallis Clinic at North Albany Village,,,,Albany,Oregon,Portland,Medical and Healthcare,,154,Saint Andrew Lutheran Church,,,,Vancouver,Washington,Portland,Religious Facilities,,155,The Verandas at Hazel Grove and The Colonnade,,,,Hillsboro,Oregon,Portland,Repair and Restoration,,156,Aspect Electronics,,,,Auburn,California,Sacramento,High-Tech and Industrial,,157,Hilton Garden Inn,,,,Multiple Locations,,Sacramento,Hospitality,,158,Marriott Courtyard Hotel,,,,Los Altos,California,Sacramento,Parking,,159,United Artists Theater,,,,Elk Grove,California,Sacramento,Theater and Entertainment,,160,Panera Bread at The Commons,,,,Federal Way,Washington,Seattle,Food Service,,161,Albertsons,,,,Multiple Locations,,Multiple Locations,Grocery,,162,Redmond Town Square,,,,Redmond,Washington,Seattle,Parking,,163,First Lutheran Church of Richmond Beach,,,,Shoreline,Washington,Seattle,Religious Facilities,,164,Newport Presbyterian Church,,,,Bellevue,Washington,Seattle,Religious Facilities,,165,Regal Theaters,,,,Multiple Locations,,Seattle,Theater and Entertainment,,166,Hampton Inn and Suites and Holiday Inn Express,,,,Sacramento,California,Sacramento,Hospitality,,167,Comfort Suites,,,,Seattle,Washington,Seattle,Parking,,168,Multnomah Presbyterian Church,,,,Portland,Oregon,Portland,Religious Facilities,,169,Comfort Suites,,,,Elk Grove,California,Sacramento,Repair and Restoration,,171,Santa Rosa Town Center,,,,Santa Rosa,California,Sacramento,Repair and Restoration,,172,Cinemark Theatre at Medford Center Mall,,,,Medford,Oregon,Portland,Theater and Entertainment,,173,Bradley-Angle House,,,,Portland,Oregon,Portland,Charitable,,174,Citrus Heights Little League Snack Bars,,,,Citrus Heights,California,Sacramento,Charitable,,175,The Dougy Center,,,,Portland,Oregon,Portland,Charitable,,176,Food Finders,,,,Orange County,California,Irvine,Charitable,,177,Get Fit to Give Back Fundraising Walk Efforts,,,,Sacramento,California,Sacramento,Charitable,,178,Habitat for Humanity - Portland,,,,Portland,Oregon,Portland,Charitable,,179,Oregon Food Bank,,,,Portland,Oregon,Portland,Charitable,,180,Trillium Family Services - Parry Center,,,,Portland,Oregon,Portland,Charitable,,181,Roadside Cleanup,,,,Portland,Oregon,Portland,Charitable,,182,Yoshida's Sand in the City,,,,Portland,Oregon,Portland,Charitable,,183,Share Our Selves,,,,Costa Mesa,California,Irvine,Charitable,,184,Share Our Selves and Operation Homefront,,,,San Diego,California,Multiple Locations,Charitable,,185,WISEPlace,,,,Santa Ana,California,Irvine,Charitable,,186,National Multiple Sclerosis Society,,,,Seattle,Washington,Seattle,Charitable,,187,Garries Family Home Remodel,,,,Seattle,Washington,Seattle,Charitable,,188,Pasado's Safe Haven,,,,Seattle,Washington,Seattle,Charitable,,189,New Phoebe House,,,,Seattle,Washington,Seattle,Charitable,,190,La Vista Apartments,,,,Concord,California,Sacramento,Repair and Restoration,,191,Von Housen Mercedes Benz Dealership,,,,Rocklin,California,Sacramento,Auto Dealerships,,192,Orleans Hotel,,,,Sacramento,California,Sacramento,Hospitality,,193,Merrill Gardens,,,,Multiple Locations,California,Sacramento,Multi-Family Housing,,194,Peninsula Real Luxury Condominiums and Townhomes,,,,Los Altos,California,Sacramento,Multi-Family Housing,,195,Oakwalk Condominiums,,,,Emeryville,California,Sacramento,Multi-Family Housing,,196,Birch Terrace Condominiums,,,,Pleasanton,California,Sacramento,Multi-Family Housing,,197,Villa Granada,,,,Santa Clara,California,Sacramento,Multi-Family Housing,,198,Board of Equalization - Repair of Exterior Curtain Wall,,,,Sacramento,California,Sacramento,Office,,199,1800 Skyline,,,,Anacortes,Washington,Seattle,Repair and Restoration,,200,Bordeaux Condominiums,,,,Sammamish,Washington,Seattle,Repair and Restoration,,201,Cherry Lane Condominiums,,,,Seattle,Washington,Seattle,Repair and Restoration,,202,Daybreak Condominiums,,,,Issaquah,Washington,Seattle,Repair and Restoration,,203,Fountain Court Condominiums,,,,Kirkland,Washington,Seattle,Repair and Restoration,,204,Indian Summer Golf Course and Country Club,,,,Olympia,Washington,Seattle,Repair and Restoration,,205,Lakehurst,,,,Lake City,Washington,Seattle,Repair and Restoration,,206,Post Alley Apartments,,,,Seattle,Washington,Seattle,Repair and Restoration,,207,Redmill Condominiums,,,,Renton,Washington,Seattle,Repair and Restoration,,208,Sammamish Hills Condominiums,,,,Issaquah,Washington,Seattle,Repair and Restoration,,209,Woodlands Condominiums,,,,Everett,Washington,Seattle,Repair and Restoration,,210,Twelve Central Square,,,,Bellevue,Washington,Seattle,Repair and Restoration,,211,Private Residence,,,,Seattle,Washington,Seattle,Repair and Restoration,,212,Waterford Place Apartments,,,,Everett,Washington,Seattle,Repair and Restoration,,213,Triangle Pointe,,,,Tigard,Oregon,Portland,Office,,214,S.D. Deacon Office Building,,,,Portland,Oregon,Portland,Office,,215,Rabbit Hills,,,,Bend,Oregon,Portland,Multi-Family Housing,,216,North Albany Village,,,,Albany,Oregon,Portland,Mixed-Use,,217,Greenback Building,,,,Citrus Heights,California,Sacramento,Office,,218,Corvallis Station,,,,Corvallis,Oregon,Portland,Mixed-Use,,219,520 Building,,,,Bellevue,Washington,Portland,Office,,220,Hollywood Station,,,,Portland,Oregon,Portland,Mixed-Use,,221,Madrona Heights Condominiums,,,,Oak Harbor,Washington,Seattle,Repair and Restoration,,222,Harbour House,,,,Seattle,Washington,Seattle,Repair and Restoration,,223,Ballard Condominiums,,,,Seattle,Washington,Seattle,Repair and Restoration,,224,Lakeside West,,,,Seattle,Washington,Seattle,Repair and Restoration,,225,Riverfront Landing,,,,Bothell,Washington,Seattle,Repair and Restoration,,226,Medical Office Building ll,,,,Tracy,California,Sacramento,Medical and Healthcare,,227,REI,,,,Multiple Locations,,Multiple Locations,Retail,,228,Palmdale Gateway,,,,Palmdale,California,Irvine,Retail,,229,St. Cecilia Parish School,,,,Beaverton,Oregon,Portland,Education and Libraries,,230,United Methodist Church,,,,Elk Grove,California,Sacramento,Religious Facilities,,231,Irvington Place Condominiums,,,,Portland,Oregon,Portland,Repair and Restoration,,232,Hotel Sierra,,,,San Jose,California,Sacramento,Hospitality,,233,Larkspur Landing Hotel,,,,San Francisco,California,Sacramento,Repair and Restoration,,234,Mountain View Sports Bar at Spirit Mountain Casino,,,,Grand Ronde,Oregon,Portland,Food Service,,235,Nel Centro at Hotel Modera,,,,Portland,Oregon,Portland,Food Service,,236,Strawberry Village Center,,,,Mill Valley,California,Sacramento,Mixed-Use,,237,William M. Factory Small Business Incubator  Ph. II,,,,Tacoma,Washington,Seattle,Office,,238,Sierra Pacific Properties Headquarters,,,,Concord,California,Sacramento,Office,,239,Streets of Brentwood,,,,Brentwood,California,Sacramento,Retail,,240,Target,,,,Multiple Locations,,Multiple Locations,Retail,,241,10th Place at Bellevue Condominiums,,,,Bellevue,Washington,Seattle,Repair and Restoration,,242,Mill Street Condominiums,,,,Seattle,Washington,Seattle,Repair and Restoration,,243,Adelaide Condominiums,,,,Seattle,Washington,Seattle,Repair and Restoration,,244,Westmont Condominiums,,,,Seattle,Washington,Seattle,Repair and Restoration,,245,Emerald Place Condominiums,,,,Edmonds,Washington,Seattle,Repair and Restoration,,246,Barclay Court,,,,Seattle,Washington,Seattle,Repair and Restoration,,247,Parking Garage Expansion at Alderwood Mall,,,,Lynnwood,Washington,Seattle,Parking,,248,South Hill Mall,,,,Puyallup,Washington,Portland,Retail,,249,Franklin Street Apartments,,,,Redwood City,California,Sacramento,Repair and Restoration,,250,Pioneer Towers,,,,Sacramento,California,Sacramento,Repair and Restoration,,251,Bridgecourt Apartments,,,,Emeryville,California,Sacramento,Repair and Restoration,,252,The Resort at Seaside,,,,Seaside,Oregon,Portland,Repair and Restoration,,253,42nd and Oregon,,,,Seattle,Washington,Seattle,Mixed-Use,,254,VA Puget Sound Health Care System MRI Upgrade,,,,Seattle,Washington,Seattle,Federal,,255,Fort Simcoe Food Service and Dining Hall Renovation,,,,White Swan,Washington,Seattle,Federal,,256,Aloft,,,,Cupertino,California,Sacramento,Hospitality,,257,Mercedes Benz of Fairfield,,,,Fairfield,California,Sacramento,Auto Dealerships,,258,7th and H Street,,,,Sacramento,California,Sacramento,Mixed-Use,,259,Villa Granada,,,,Santa Clara,California,Sacramento,Multi-Family Housing,,260,St. Pius X Catholic Church,,,,Portland,Oregon,Portland,Religious Facilities,,261,Jimmy John's,,,,Multiple Locations,Washington,Seattle,Food Service,,262,Lake Road Medical Center,,,,Milwaukie,Oregon,Portland,Medical and Healthcare,,263,Centralia Cancer Center,,,,Centralia,Washington,Seattle,Medical and Healthcare,,264,RadiantCare Radiation Center,,,,Aberdeen,Washington,Seattle,Medical and Healthcare,,265,Valley Medical Center at The Landing,,,,Renton,Washington,Seattle,Medical and Healthcare,,266,National American University,,,,Tigard,Oregon,Portland,Education and Libraries,,267,Clear Channel,,,,Tigard,Oregon,Portland,Office,,268,Autohaus Mercedes,,,,Seattle,Washington,Seattle,Auto Dealerships,,269,Larson Porsche-Audi-Mercedes,,,,Fife,Washington,Seattle,Auto Dealerships,,270,Burien Nissan,,,,Burien,Washington,Seattle,Auto Dealerships,,271,Tommy Bahama,,,,Laguna Beach,California,Irvine,Food Service,,272,Hotel Andra Remodel,,,,Seattle,Washington,Seattle,Hospitality,,273,Extended Stay America,,,,Tacoma,Washington,Seattle,Hospitality,,274,Palladio at Broadstone,,,,Folsom,California,Sacramento,Mixed-Use,,275,Livermore Outlets,,,,Livermore,California,Sacramento,Retail,,276,Lawrence Station Apartments,,,,Sunnyvale,California,Sacramento,Mixed-Use,,